-0.0020882509095798696,0.0012229144720164278,3.246121644973755
-0.0020882509095798696,0.0012229144720164278,3.094350814819336
-0.0020882509095798696,0.0012229144720164278,2.9993746280670166
-0.0020882509095798696,0.0012229144720164278,2.9915523529052734
-0.0020882509095798696,0.0012229144720164278,3.0001723766326904
-0.0020882509095798696,0.0012229144720164278,3.008185386657715
-0.0020882509095798696,0.0012229144720164278,3.013159990310669
-0.0020882509095798696,0.0012229144720164278,3.015833616256714
-0.0020882509095798696,0.0012229144720164278,3.0171666145324707
-0.0020882509095798696,0.0012229144720164278,3.01780104637146
-0.0020882509095798696,0.0012229144720164278,3.0180091857910156
-0.0020882509095798696,0.0012229144720164278,3.018127679824829
-0.0020882509095798696,0.0012229144720164278,3.0182201862335205
-0.0020882509095798696,0.0012229144720164278,3.0182745456695557
-0.0020882509095798696,0.0012229144720164278,3.0182974338531494
-0.0020882509095798696,0.0012229144720164278,3.01830792427063
-0.0020882509095798696,0.0012229144720164278,3.018317222595215
-0.0020882509095798696,0.0012229144720164278,3.0183229446411133
-0.0020882509095798696,0.0012229144720164278,3.0183229446411133
-0.0020882509095798696,0.0012229144720164278,3.0183262825012207
-0.0020882509095798696,0.0012229144720164278,3.0183262825012207
-0.0020882509095798696,0.0012229144720164278,3.0183281898498535
-0.0020882509095798696,0.0012229144720164278,3.0183281898498535
-0.0020882509095798696,0.0012229144720164278,3.0183281898498535
-0.0020882509095798696,0.0012229144720164278,3.0183281898498535
-0.002087839008112269,0.0012228644407239009,3.020592212677002
-0.002086033632338058,0.0012226453996130576,3.0238256454467773
-0.0020830296987242036,0.0012223833178834377,3.0249664783477783
-0.0020792371896618533,0.0012221312424123233,3.0242607593536377
-0.002075177390167937,0.0012221486505606819,3.0221853256225586
-0.002071258500706108,0.0012225451999559698,3.019948959350586
-0.002067651861352715,0.0012228601914908372,3.0183253288269043
-0.0020643495219019314,0.0012231137747543291,3.0174310207366943
-0.002061330373265946,0.001223482635598684,3.0169167518615723
-0.002058624160099498,0.0012236859134255808,3.0165343284606934
-0.002056253773417893,0.0012236036702049887,3.0162463188171387
-0.0020541981041191093,0.0012234046416111561,3.016202688217163
-0.002052360516429985,0.0012232175382843092,3.016488552093506
-0.0020507464932109087,0.0012231032202076864,3.0165295600891113
-0.002049367685629022,0.0012230556562117774,3.016594409942627
-0.002048185713476869,0.0012230253632921927,3.016744375228882
-0.00204715972931524,0.0012230164536099618,3.016969919204712
-0.0020462395647200537,0.0012230133009531725,3.017241954803467
-0.002045393144911145,0.0012230123414489322,3.017500877380371
-0.0020445689307848625,0.0012230235813557465,3.0178205966949463
-0.0020438051653997036,0.001223035780766801,3.017742156982422
-0.002043222335117889,0.001223042634368517,3.0173776149749756
-0.0020429098108820654,0.0012230461982414094,3.0169517993927
-0.002042732987959539,0.0012230466094575122,3.017256736755371
-0.0020424648750605456,0.0012230338617583204,3.018148183822632
-0.0020417874650604517,0.0012230246779320211,3.01975154876709
-0.0020405364086144573,0.0012230298866693252,3.0208117961883545
-0.0020388508337987332,0.001223040989504105,3.020994186401367
-0.002036995152622012,0.0012230481172498897,3.0202085971832275
-0.0020351888173451016,0.0012230596313007726,3.01920485496521
-0.0020335593049907175,0.0012230663478304544,3.018223524093628
-0.0020321526717879124,0.0012230651141821455,3.017594337463379
-0.0020309432852201326,0.0012230592200846698,3.0173187255859375
-0.002029890434911863,0.0012230522294109194,3.0172877311706543
-0.002028960812381797,0.0012230457870253063,3.017362356185913
-0.002028129881708196,0.0012230398929278306,3.017498016357422
-0.00202732855861143,0.001223035780766801,3.0178096294403076
-0.002026580419439483,0.0012230330393261145,3.0177578926086426
-0.0020260156826594766,0.0012230307091015311,3.017364978790283
-0.0020257128905427635,0.0012230298866693252,3.0170159339904785
-0.0020253926902711328,0.0012230276935167761,3.017955780029297
-0.0020245943827461588,0.001223023307211678,3.019749402999878
-0.002023257107978793,0.0012230183726184424,3.020725965499878
-0.0020214984737663144,0.0012230116560887606,3.0209155082702637
-0.0020195783687029234,0.0012230030205505984,3.020124673843384
-0.0020177359835145126,0.001222994659156505,3.01906681060791
-0.002016031766899573,0.00122299164357175,3.018331289291382
-0.002014525482309182,0.0012229901357793725,3.0176637172698975
-0.002013238924206462,0.0012229891762751321,3.017291784286499
-0.0020121304226563552,0.0012229861606903771,3.0172157287597656
-0.0020111515912617506,0.0012229820485293475,3.0173146724700928
-0.0020102551401492974,0.0012229776622242493,3.017523765563965
-0.0020093845956665746,0.0012229768397920434,3.017817258834839
-0.0020085764189587962,0.0012229765656479748,3.0177502632141113
-0.002007930124321433,0.0012229769768640777,3.0174708366394043
-0.0020075182228538324,0.0012229768397920434,3.017096996307373
-0.002007132228015962,0.0012229769768640777,3.0179269313812256
-0.0020062527738389235,0.0012229788958725582,3.019711494445801
-0.002004868620431921,0.0012229776622242493,3.02062726020813
-0.0020030733879963236,0.001222972864703048,3.0208327770233154
-0.0020011165476319093,0.0012229657369572636,3.0200862884521484
-0.0019992139878155513,0.0012229583350674101,3.019148826599121
-0.0019974001135949493,0.001222956141914861,3.018512487411499
-0.001995759498399252,0.0012229562789868953,3.0178329944610596
-0.001994335319963625,0.0012229554565546894,3.017392873764038
-0.0019930885127479314,0.0012229536746182434,3.0172863006591797
-0.0019919479363466053,0.0012229516185377285,3.017444133758545
-0.0019908594473179164,0.0012229492883131451,3.017678737640381
-0.001989800291710253,0.0012229487400250078,3.0178630352020264
-0.0019888340709570684,0.001222948877097042,3.0177080631256104
-0.0019880235639959665,0.001222948877097042,3.0174849033355713
-0.0019873798737251036,0.001222948465880939,3.0173134803771973
-0.0019869561840692995,0.0012229477805207676,3.0170652866363525
-0.0019864806811966673,0.0012229469580885615,3.018251657485962
-0.0019854949961910506,0.0012229457244402528,3.01979660987854
-0.0019840900078378354,0.0012229438054317723,3.0203640460968018
-0.0019825079224204956,0.0012229416122792232,3.019901990890503
-0.001980935020824859,0.0012229417493512574,3.0191476345062256
-0.001979502618070228,0.0012229422976393948,3.0182995796203613
-0.0019782626644513357,0.001222942434711429,3.017728090286255
-0.0019771981630185564,0.0012229425717834633,3.0174498558044434
-0.0019762923910207064,0.0012229421605673605,3.017352342605591
-0.0019755156038030464,0.0012229414752071889,3.0173776149749756
-0.001974846418136167,0.001222940652774983,3.017475128173828
-0.0019742216438061178,0.001222940652774983,3.0177812576293945
-0.0019734151119479293,0.0012229403786309142,3.0188281536102295
-0.0019721404791113173,0.0012229405157029485,3.02007794380188
-0.0019704129602473586,0.0012229409269190515,3.0207207202911377
-0.0019682843686581464,0.00122294024155888,3.0208663940429688
-0.001966003352919188,0.0012229388708385367,3.020050525665283
-0.0019638422752308315,0.001222937225974125,3.018873929977417
-0.0019618880392329174,0.0012229355811097132,3.018019437789917
-0.001960098975047231,0.0012229350328215758,3.017667531967163
-0.0019585112696773876,0.0012229354440376787,3.017273187637329
-0.0019571335586476835,0.0012229351698936101,3.0171191692352295
-0.0019558899040958977,0.0012229346216054728,3.0172741413116455
-0.0019547125923935482,0.0012229353069656444,3.0175256729125977
-0.001953654259196469,0.001222935992325816,3.0174431800842285
-0.0019527572598292409,0.0012229365406139533,3.017324447631836
-0.001952022964943012,0.0012229368147580219,3.0172460079193115
-0.001951475362162114,0.0012229368147580219,3.017061948776245
-0.0019511769563251846,0.001222939007910571,3.0169365406036377
-0.0019507882200429094,0.001222940652774983,3.018115997314453
-0.0019499475572501979,0.0012229418864232917,3.019709348678589
-0.0019485987684362271,0.0012229435312877037,3.0206329822540283
-0.0019468364333050658,0.0012229422976393948,3.020841360092163
-0.0019449115307139664,0.001222940652774983,3.0200839042663574
-0.0019430936814046618,0.0012229392820546398,3.0189192295074463
-0.001941486648874502,0.0012229384596224339,3.018007755279541
-0.0019400916667677848,0.0012229384596224339,3.017509937286377
-0.0019388611711406156,0.0012229385966944682,3.0173959732055664
-0.0019377192240028762,0.0012229384596224339,3.0175628662109375
-0.0019366138751166773,0.0012229384596224339,3.0177931785583496
-0.0019355274421855029,0.001222939007910571,3.0179553031921387
-0.001934530654352784,0.001222939419126674,3.0177698135375977
-0.001933687113051974,0.0012229396932707426,3.017529249191284
-0.0019330044943188796,0.0012229399674148114,3.0173726081848145
-0.0019325273465682358,0.0012229399674148114,3.017080068588257
-0.0019322640311969508,0.0012229444907919439,3.01710844039917
-0.0019318879055418847,0.0012229532634021403,3.0182135105133057
-0.0019310159903227486,0.0012229547711945178,3.0199289321899414
-0.001929608397617244,0.0012229524409699344,3.02083158493042
-0.0019277775264328056,0.00122294627272839,3.0209782123565674
-0.0019257966984866925,0.0012229401044868457,3.0201048851013184
-0.0019239386870566477,0.0012229370889020907,3.0188992023468018
-0.0019222921777810598,0.0012229365406139533,3.0179977416992188
-0.001920856759426215,0.001222936403541919,3.017500162124634
-0.0019195918586945027,0.0012229375001181935,3.0173845291137695
-0.0019184082416927595,0.001222939007910571,3.017556667327881
-0.0019173460704848821,0.0012229403786309142,3.017453908920288
-0.0019164450960147406,0.0012229416122792232,3.017328977584839
-0.0019157064148203062,0.001222942845927532,3.0172512531280518
-0.0019151499023593033,0.001222943257143635,3.017089366912842
-0.0019148427239343846,0.0012229422976393948,3.01688814163208
-0.001914461115390509,0.0012229401044868457,3.0180575847625732
-0.0019136129136541058,0.001222940652774983,3.0197439193725586
-0.001912235476766,0.0012229407898470173,3.0207130908966064
-0.0019104340760947025,0.0012229431200716007,3.0209155082702637
-0.0019084628431755846,0.001222947095160596,3.0201492309570312
-0.00190659482547062,0.001222950933177557,3.0189638137817383
-0.0019049392694654443,0.0012229532634021403,3.018028736114502
-0.0019034950785083993,0.0012229544970504492,3.017531156539917
-0.001902204134069052,0.0012229553194826551,3.0174484252929688
-0.001900996666535093,0.001222956141914861,3.017577648162842
-0.001899917772561821,0.001222956964347067,3.0174472332000732
-0.0018990030908696554,0.0012229579238513073,3.017320156097412
-0.0018982512507648153,0.0012229588833555475,3.017242431640625
-0.0018976855544678983,0.001222959157499616,3.0170652866363525
-0.0018973785131208842,0.001222960391147925,3.0168564319610596
-0.001897002524529512,0.001222956964347067,3.0180041790008545
-0.0018961432199517958,0.001222956964347067,3.0197551250457764
-0.0018947812721989976,0.0012229584721394444,3.020639181137085
-0.001893011398095723,0.0012229609394360623,3.020831823348999
-0.0018910815609416431,0.0012229645033089546,3.0200700759887695
-0.001889260147748928,0.0012229669706055723,3.018906593322754
-0.0018876505108522679,0.0012229688896140528,3.017998218536377
-0.0018862542951012529,0.001222969849118293,3.0175013542175293
-0.0018850346281453767,0.001222970671550499,3.017326831817627
-0.0018839503883469888,0.0012229717681267736,3.0173683166503906
-0.0018829536005284808,0.0012229725905589794,3.017538070678711
-0.0018819914918992708,0.0012229734129911853,3.0177865028381348
-0.0018811091592283447,0.0012229742354233912,3.0176916122436523
-0.0018803847335249202,0.0012229751949276316,3.017467975616455
-0.001879862763232154,0.0012229753319996659,3.0171337127685547
-0.0018795860147804433,0.0012229772510081464,3.0170037746429443
-0.0018791885058959679,0.001222976702720009,3.0182409286499023
-0.00187834181193125,0.001222976702720009,3.019775390625
-0.0018769842505150791,0.0012229773880801807,3.020676612854004
-0.001875212731533793,0.0012229782105123866,3.0208687782287598
-0.0018732820719407073,0.0012229801295208672,3.0200881958007812
-0.0018714592880257896,0.0012229820485293475,3.018918037414551
-0.0018698482804069272,0.0012229838304657938,3.01800537109375
-0.001868450968075308,0.001222984789970034,3.017500638961792
-0.0018672237621615295,0.001222985749474274,3.0173699855804443
-0.0018660942885873055,0.0012229868460505488,3.0175185203552246
-0.0018650133385449408,0.0012229876684827546,3.017718553543091
-0.0018640346442282407,0.0012229886279869948,3.017598867416382
-0.0018632142680985453,0.001222989450419201,3.0174174308776855
-0.0018625618052112713,0.001222990409923441,3.017268419265747
-0.0018621372931164615,0.0012229905469954754,3.0170040130615234
-0.0018617066127717408,0.0012229883538429263,3.017993211746216
-0.0018608300371170117,0.0012229893133471664,3.019587278366089
-0.0018594487622323186,0.001222991232355647,3.0205676555633545
-0.001857650514210718,0.0012229938367242991,3.02081298828125
-0.0018556695491867004,0.001222996441092951,3.0201709270477295
-0.0018537048956943636,0.0012229986342455002,3.019270658493042
-0.001851903906242569,0.0012230008273980493,3.01828932762146
-0.001850330319300042,0.0012230027464065298,3.017615795135498
-0.0018489516487818491,0.0012230035688387357,3.0173604488372803
-0.0018476903119335475,0.0012230043912709416,3.0174641609191895
-0.0018464724269051658,0.001223005350775182,3.0177226066589355
-0.0018452834640640958,0.001223006173207388,3.0178730487823486
-0.0018442022398801328,0.0012230069956395938,3.017673969268799
-0.0018432778260688565,0.001223007955143834,3.0174717903137207
-0.0018425066588036998,0.0012230087775760398,3.017367124557495
-0.0018418769498822485,0.001223009600008246,3.01735258102417
-0.001841370879930082,0.001223010559512486,3.01743483543396
-0.0018407650215408466,0.0012230112448726577,3.0184478759765625
-0.0018396752988536491,0.0012230122043768979,3.0199074745178223
-0.0018381569519334562,0.001223013575097241,3.020449161529541
-0.0018364898818674646,0.0012230153570336874,3.019804000854492
-0.0018349313728407424,0.0012230163165379275,3.0187792778015137
-0.0018335584593387466,0.0012230171389701334,3.018012285232544
-0.0018323620946176788,0.0012230179614023393,3.0176262855529785
-0.0018312948517547056,0.0012230185096904767,3.0175564289093018
-0.0018303095779828027,0.0012230193321226825,3.0176634788513184
-0.001829355008325706,0.0012230205657709915,3.0178704261779785
-0.001828477610246182,0.0012230215252752316,3.017746925354004
-0.0018277577079146567,0.001223022484779472,3.0174999237060547
-0.0018272428653602901,0.001223023307211678,3.017138719558716
-0.0018269670764254897,0.0012230246779320211,3.017056703567505
-0.0018266172685770243,0.001223028104732879,3.018036365509033
-0.001825825951740967,0.0012230282418049135,3.019732713699341
-0.001824497586653706,0.001223028515948982,3.0207009315490723
-0.0018227216813926361,0.001223028104732879,3.0210697650909424
-0.0018205479930628599,0.0012230279676608447,3.021059274673462
-0.0018182162606734664,0.0012230294754532222,3.020188808441162
-0.0018160070707011755,0.001223032353965943,3.0189218521118164
-0.0018140392645875636,0.0012230355066227324,3.017913818359375
-0.0018123110603767145,0.0012230381109913843,3.017385482788086
-0.0018107470684469718,0.0012230398929278306,3.0173180103302
-0.0018093704540262934,0.0012230405782880022,3.017115831375122
-0.001808196980334742,0.0012230412636481738,3.017030954360962
-0.001807192516480427,0.0012230420860803797,3.017073631286621
-0.0018063403396268995,0.0012230427714405513,3.0171446800231934
-0.0018056227675344871,0.0012230435938727572,3.017247200012207
-0.0018050115633485575,0.0012230444163049631,3.017404794692993
-0.0018044550508733437,0.0012230453758092033,3.017698287963867
-0.0018037465255247298,0.0012230453758092033,3.018679141998291
-0.0018025718181888806,0.001223045649953272,3.02001953125
-0.001800962318370125,0.0012230446904490317,3.02052903175354
-0.001799199983224753,0.0012230437309447915,3.0198588371276855
-0.0017975494988746732,0.00122304304558462,3.018798351287842
-0.001796092286070916,0.0012230424972964826,3.0179948806762695
-0.0017948256033974985,0.001223042223152414,3.017571449279785
-0.0017936861235767765,0.0012230445533769974,3.017538070678711
-0.0017926979712825641,0.0012230471577456496,3.017357110977173
-0.001791885956549777,0.001223049487970233,3.0172348022460938
-0.00179124733793401,0.0012230508586905762,3.01714825630188
-0.0017908570938658386,0.0012230519552668508,3.0168352127075195
-0.001790666974955002,0.0012230545596355028,3.01698637008667
-0.0017903803573346977,0.0012230633322456992,3.0180888175964355
-0.0017896557945533687,0.0012230655253982485,3.019752025604248
-0.0017883738969004526,0.0012230640176058708,3.0207645893096924
-0.0017866369200731924,0.001223060590805013,3.0211241245269775
-0.0017845013377808527,0.001223057164004155,3.0210933685302734
-0.0017821874247658798,0.0012230530518431253,3.020303249359131
-0.0017799301225096542,0.001223054696707537,3.0191922187805176
-0.0017778744531966595,0.001223060590805013,3.018164873123169
-0.0017760512580906607,0.001223066621974523,3.0175466537475586
-0.001774395839134968,0.0012230710082796212,3.0173962116241455
-0.001772935473667303,0.0012230732014321703,3.0171351432800293
-0.0017716888035295142,0.0012230749833686166,3.0170094966888428
-0.0017706207382275352,0.0012230763540889598,3.017035722732544
-0.0017697115394241791,0.0012230773135932,3.017094612121582
-0.001768948185272734,0.0012230781360254058,3.0171923637390137
-0.0017682853049052483,0.0012230788213855774,3.017399787902832
-0.001767655595983797,0.0012230834818347444,3.017767906188965
-0.0017668389208012059,0.0012230906095805289,3.0188350677490234
-0.001765555378284489,0.0012231018494873432,3.020076274871826
-0.0017638566445583592,0.0012232401551699721,3.0205078125
-0.0017620148076389341,0.001223491545280915,3.0198280811309814
-0.0017602845473447815,0.0012237097639595524,3.018786907196045
-0.0017587279573234582,0.0012238520447311765,3.018071174621582
-0.0017573181714425345,0.0012240939768717513,3.0177414417266846
-0.00175612934569358,0.001224570165118979,3.017303705215454
-0.001755141878760469,0.001225066640027286,3.0171704292297363
-0.0017542916209407622,0.0012254334447911264,3.017224073410034
-0.001753572815189841,0.001225673594995255,3.017249584197998
-0.0017530053369654297,0.001225827801033865,3.0171706676483154
-0.0017526355166097574,0.001225868511428058,3.017071485519409
-0.0017521606990840155,0.00122588221863149,3.0182809829711914
-0.0017511735063067135,0.0012259264928985753,3.0199062824249268
-0.0017497108106141468,0.001225992287475049,3.0206689834594727
-0.0017478818584635292,0.0012263005624802345,3.0207695960998535
-0.0017460257660530942,0.0012270815989317899,3.0197505950927734
-0.0017444756184232801,0.0012282347859565242,3.018306016921997
-0.0017432216834407654,0.0012294537675577317,3.017597198486328
-0.0017420675369237415,0.0012304341067471884,3.0175251960754395
-0.0017410501882721974,0.0012313692121653193,3.0173869132995605
-0.0017403110958866819,0.0012323982119269597,3.0170838832855225
-0.0017396857732592252,0.0012332897284381768,3.0172173976898193
-0.0017391012980993992,0.0012339733066733306,3.017361640930176
-0.0017385752156400258,0.0012344632021239904,3.017357110977173
-0.0017381970338874453,0.001234755987989298,3.017056703567505
-0.0017380003355214058,0.0012348993653371965,3.0169780254364014
-0.00173786436006651,0.0012349722876594548,3.0173699855804443
-0.0017375955618064154,0.0012350778331258812,3.018407106399536
-0.0017368892296190097,0.0012353752794403555,3.0199975967407227
-0.0017356930019758465,0.0012358850503359916,3.020864725112915
-0.001734176436983148,0.0012366919934020334,3.020949363708496
-0.0017326753611399681,0.001237845317498802,3.0200045108795166
-0.0017315184731643285,0.0012392527731471996,3.0185701847076416
-0.0017307808885362874,0.0012407445280967042,3.0175201892852783
-0.0017301207496274174,0.0012420165565751938,3.0174577236175537
-0.0017294881621978675,0.0012430744785360754,3.0173985958099365
-0.0017288236369807919,0.001243918156907315,3.0175938606262207
-0.00172815924882741,0.0012446709565198005,3.0177268981933594
-0.0017277126681278787,0.0012454832453951807,3.017465353012085
-0.001727432767040682,0.0012461872473634482,3.01723051071167
-0.001727235794533044,0.0012466435601656994,3.017008066177368
-0.0017270793953230168,0.0012468764455520092,3.017218589782715
-0.0017267848275395181,0.0012471710133537628,3.0184619426727295
-0.0017261448382157596,0.0012478378688007296,3.019927501678467
-0.0017251531220239258,0.001248789834079082,3.020630359649658
-0.0017239796483465852,0.0012501088782653433,3.0206921100616455
-0.0017228965051430123,0.0012517298921432116,3.0199573040008545
-0.0017220103344328663,0.0012534380838349073,3.0188920497894287
-0.0017215695107779538,0.001255176568446188,3.017678737640381
-0.0017214287377953497,0.001256773183501947,3.017134428024292
-0.001721382544516814,0.0012581695363155648,3.0170679092407227
-0.001721260961616622,0.0012593871471964294,3.017418384552002
-0.0017211858461507745,0.0012605189509838097,3.017475128173828
-0.0017212488992726094,0.0012615490473217243,3.017338752746582
-0.0017213262079280867,0.0012623801150658065,3.0172531604766846
-0.001721400638018622,0.0012629769267032357,3.0170695781707764
-0.0017214498468973716,0.0012633157687720747,3.0170085430145264
-0.0017214556039135687,0.0012635105481328436,3.0173604488372803
-0.0017213799401503138,0.0012637786610319734,3.01824951171875
-0.0017210526121402836,0.001264372182940579,3.019824504852295
-0.0017205525733459126,0.0012655283855500681,3.020817518234253
-0.0017202244229110875,0.0012672090257628656,3.0207769870758057
-0.0017202985788742353,0.0012691396853662627,3.0196754932403564
-0.0017207192529582471,0.0012710242887661284,3.018589496612549
-0.0017212338213710154,0.0012727061626272348,3.017841339111328
-0.00172176483840758,0.0012741514501571048,3.0174062252044678
-0.0017222613133327513,0.001275387428690568,3.017275333404541
-0.0017226144108946073,0.0012764803040202016,3.0174827575683594
-0.001722792330369316,0.0012774796962224287,3.017705202102661
-0.0017230027359573796,0.0012784220664583785,3.0177719593048096
-0.0017232402818052606,0.0012792642370372405,3.017646074295044
-0.0017233901015316633,0.0012799419211749186,3.0174779891967773
-0.0017234558961121138,0.001280458682744305,3.017378091812134
-0.0017234892046076311,0.0012809699614323186,3.018106698989868
-0.0017235569181934807,0.0012818668237528743,3.019493341445923
-0.0017236324448930418,0.0012832648214309039,3.020493507385254
-0.0017237251055917113,0.001285080614669541,3.020761013031006
-0.0017238517601469994,0.001287052395883234,3.020001173019409
-0.0017239357853071624,0.0012889309681135897,3.018977403640747
-0.001723948258856467,0.0012906502626400653,3.0182037353515625
-0.0017238924705367253,0.0012921664164116788,3.017634630203247
-0.001723831610547677,0.0012934787440682584,3.017310619354248
-0.0017237473112601265,0.0012946176756014232,3.017256498336792
-0.0017236564325031623,0.0012956521582444362,3.017430305480957
-0.001723576793622783,0.0012966414071161237,3.0176913738250732
-0.0017235097654264564,0.0012975425186697433,3.017613649368286
-0.001723456581473215,0.0012982854490957577,3.0174217224121094
-0.001723417515933079,0.0012988396313305135,3.017157793045044
-0.0017233992853675772,0.0012991458502551842,3.016986131668091
-0.0017233969551284645,0.0012995452781631928,3.018126964569092
-0.0017234055906811818,0.0013003821029327163,3.0196902751922607
-0.0017233482945613332,0.0013017267795893954,3.0206282138824463
-0.0017232095776762435,0.0013034813016286914,3.0208394527435303
-0.0017230361815450124,0.0013054053817744412,3.0201377868652344
-0.0017229383121133424,0.0013072957421997483,3.019190549850464
-0.0017228933524933154,0.0013090159962304642,3.018221378326416
-0.0017228536015920781,0.0013105085736121746,3.0175764560699463
-0.0017228056263718372,0.0013118000663195377,3.017307996749878
-0.0017227609408934086,0.0013129395461408397,3.017293691635132
-0.00172271433639537,0.0013139590879321119,3.017388343811035
-0.0017227030964903634,0.0013149142058672535,3.017613410949707
-0.00172270199992397,0.0013157641895520718,3.0175132751464844
-0.0017227021370018747,0.001316441051257544,3.017319679260254
-0.001722695968737753,0.0013168758437504071,3.0169339179992676
-0.0017226925419464578,0.001317071993831519,3.016913414001465
-0.0017226937756049665,0.0013173736893790572,3.0181331634521484
-0.0017226645792476347,0.0013181703520425251,3.0198466777801514
-0.0017226251025164174,0.0013194826796991048,3.0207345485687256
-0.0017225710961241703,0.0013212092390433995,3.020900249481201
-0.0017225117439352289,0.0013230952131636081,3.0201122760772705
-0.0017224869339003135,0.0013248934611818522,3.0190017223358154
-0.001722471033545503,0.001326497615199499,3.018097162246704
-0.0017224459493547783,0.001327889718780053,3.0175490379333496
-0.0017224123667176627,0.0013290919775930737,3.017320156097412
-0.0017223812513691428,0.0013301409898717246,3.0172863006591797
-0.001722348628206305,0.0013310614285821833,3.017364501953125
-0.0017223342356516014,0.0013319234746060218,3.017639636993408
-0.001722326696693699,0.001332702317905028,3.0175790786743164
-0.0017223191577215857,0.0013332958398136335,3.017273187637329
-0.0017223135377690824,0.0013336390681875708,3.017040729522705
-0.001722317924077288,0.0013340612500532766,3.0181360244750977
-0.0017223260113468086,0.0013349411154415765,3.019718885421753
-0.0017223410892484026,0.0013363106021364677,3.020595073699951
-0.001722321762073875,0.0013381155666843934,3.020979881286621
-0.0017222458241832328,0.0013403135167547144,3.02099871635437
-0.001722138633851955,0.0013426844517323473,3.020240306854248
-0.0017220245899238762,0.001345027012798876,3.019296407699585
-0.0017219715430485394,0.0013472536109243702,3.018463373184204
-0.0017219600289877235,0.0013492746009983842,3.017749071121216
-0.0017219519417466245,0.0013510935468938104,3.0174190998077393
-0.0017219454993693262,0.0013527859753015594,3.0174553394317627
-0.0017219445398524158,0.0013543932819759957,3.0175602436065674
-0.0017219390569636062,0.0013558481645482682,3.017357110977173
-0.0017219252126920992,0.0013571243051877873,3.017256498336792
-0.0017219069821265975,0.0013582813302294825,3.017387866973877
-0.0017219001285155855,0.0013593742055591157,3.017601490020752
-0.0017218973870711807,0.0013603560525409497,3.017504930496216
-0.0017218928637134923,0.001361174646729909,3.017350435256958
-0.0017218866954493706,0.0013618227233081737,3.0172274112701416
-0.0017218823091553759,0.0013622446310298107,3.0169734954833984
-0.0017218754555585747,0.001362631585382696,3.017796516418457
-0.0017218772374860691,0.0013634679989361167,3.019564151763916
-0.0017218668200058573,0.0013648383080632138,3.0206196308135986
-0.0017218410504824533,0.0013666335404967026,3.020864725112915
-0.0017218066454063319,0.0013686091597273568,3.020184278488159
-0.001721771692032803,0.001370566000089309,3.0192956924438477
-0.0017217560658053799,0.001372421681289933,3.0185186862945557
-0.0017217496234280816,0.0013740920411001566,3.01784086227417
-0.0017217416732506763,0.0013755655654690965,3.017468214035034
-0.00172172947384297,0.0013769006470833733,3.017458438873291
-0.0017217259099737703,0.0013781632175914947,3.017611026763916
-0.0017217245392515679,0.0013792995447560075,3.0174694061279297
-0.0017217213865876602,0.0013802707001191647,3.0173306465148926
-0.0017217164520104689,0.0013810788768335153,3.0172510147094727
-0.0017217108320437546,0.001381723800754991,3.017199754714966
-0.0017217071310966503,0.0013821679141461877,3.0170583724975586
-0.0017217042525885518,0.0013826412238806946,3.018064498901367
-0.0017217057603886587,0.0013836147094684352,3.019768714904785
-0.0017216971248359414,0.0013850679471762958,3.020601511001587
-0.001721688900502727,0.00138692458788116,3.0207948684692383
-0.0017216806761979342,0.001388924468861889,3.0199828147888184
-0.0017216735484453238,0.0013907993401473177,3.018821954727173
-0.001721661211959713,0.0013924609273473448,3.017951250076294
-0.001721646682312894,0.0013939236230255734,3.0175349712371826
-0.0017216313302554909,0.0013952607607203651,3.0175423622131348
-0.0017216250249560971,0.0013965396428005706,3.017695665359497
-0.0017216222834974815,0.0013976966678422656,3.0175304412841797
-0.0017216192679256892,0.00139869057716312,3.017368793487549
-0.0017216152928227757,0.001399523289771614,3.0172810554504395
-0.001721611317748284,0.0014001996031889489,3.0172479152679443
-0.0017216085762896682,0.001400703891203212,3.017127513885498
-0.0017216072055816767,0.001401020390530457,3.0171492099761963
-0.0017216072055816767,0.001401556342184648,3.018767833709717
-0.0017216099470260815,0.0014026346878786434,3.0201570987701416
-0.0017216093987428849,0.0014041348042222416,3.0205764770507812
-0.0017216054236399714,0.0014057791203459442,3.019866943359375
-0.00172160048906278,0.0014073141900582938,3.0188145637512207
-0.0017215945949402567,0.00140866448666838,3.0180327892303467
-0.0017215877413434555,0.0014098348076974042,3.017624855041504
-0.0017215799282581656,0.0014108624367387011,3.0175068378448486
-0.0017215723892860524,0.0014117916480593565,3.0175838470458984
-0.0017215696478558584,0.00141267891533751,3.0178027153015137
-0.0017215674546946502,0.0014134909300688215,3.0177056789398193
-0.001721566769333549,0.0014141368134945372,3.017435312271118
-0.0017215658098308495,0.001414546658877154,3.0170719623565674
-0.0017215640278891442,0.001414955270611462,3.018062114715576
-0.0017215651244697483,0.0014158847560761859,3.0197789669036865
-0.0017215623830395543,0.0014172850839787989,3.020585775375366
-0.0017215547069895365,0.001419084291501283,3.0207765102386475
-0.001721544152445631,0.0014210397611428922,3.020036458969116
-0.0017215329125406242,0.0014229346449453318,3.019099473953247
-0.0017215283891545141,0.0014247345378279876,3.0184695720672607
-0.0017215267442907134,0.0014263596638668856,3.0178027153015137
-0.0017215259218659185,0.0014277650634347684,3.0173606872558594
-0.0017215235916552274,0.0014289833596758045,3.0172362327575684
-0.0017215208502108226,0.0014300858300478404,3.017382860183716
-0.001721519616552314,0.0014311285370129125,3.017617702484131
-0.0017215146819609117,0.0014320862593167063,3.0176422595977783
-0.0017215071429887985,0.001433054673239177,3.0181570053100586
-0.0017214943952978956,0.001434326427573598,3.0192809104919434
-0.001721480825167987,0.0014359913045024486,3.020097494125366
-0.001721466569676977,0.001438046699657077,3.0205414295196533
-0.0017214557409772624,0.0014402717899901934,3.0199203491210938
-0.0017214412113446542,0.0014424944130266922,3.019249439239502
-0.0017214225695596497,0.001444707578092823,3.0188374519348145
-0.0017214031053214285,0.0014469130671250316,3.0186052322387695
-0.0017213876161861208,0.001449112799131799,3.018476724624634
-0.0017213647251566044,0.0014515880459275493,3.0196237564086914
-0.00172133347273018,0.0014545818362291323,3.0206172466278076
-0.0017212928994041476,0.0014580228925787015,3.0209999084472656
-0.0017212258711793993,0.0014618452833277489,3.021024703979492
-0.001721148014283358,0.00146599047871762,3.0208613872528076
-0.0017210834533329944,0.0014704037870066208,3.020599365234375
-0.0017210339703268573,0.0014750342173979844,3.020592212677002
-0.0017210047739979473,0.0014798328351754589,3.020251750946045
-0.001721024101144053,0.0014847570109363705,3.0198867321014404
-0.0017210771480336007,0.0014897708318077272,3.019566297531128
-0.0017211846125064767,0.0014948445531580818,3.0192956924438477
-0.0017212907062429395,0.0014999565176060119,3.019080400466919
-0.0017213677407568184,0.0015050909618675701,3.0189123153686523
-0.0017214080399270415,0.0015102218422562363,3.0186843872070312
-0.0017213899464110227,0.0015152490961869564,3.018186569213867
-0.0017213285381387777,0.0015200348291932047,3.0175023078918457
-0.0017212826190018404,0.001524501869719659,3.016735553741455
-0.0017212894726128525,0.0015286362364188187,3.016277313232422
-0.001721343478976678,0.0015324390258669583,3.0161218643188477
-0.0017214066691906282,0.0015359343627421183,3.016125440597534
-0.0017214429932863595,0.0015392421850743284,3.0166804790496826
-0.0017214450493554523,0.0015425402752921018,3.017361879348755
-0.001721433672372541,0.0015458380913658065,3.0177855491638184
-0.0017214132486458311,0.0015491342625750994,3.018023729324341
-0.0017213935102802225,0.0015524274181996373,3.018155813217163
-0.001721373771900403,0.0015554445107470547,3.0168282985687256
-0.0017213756909200129,0.001557725526470174,3.0153629779815674
-0.0017213911800553205,0.0015595607839376843,3.0154337882995605
-0.001721405572624235,0.0015610862586076316,3.015679359436035
-0.0017214147564459381,0.001562352255916611,3.0160653591156006
-0.001721419828101034,0.0015634463648945532,3.01654314994812
-0.0017214222954180514,0.001564431090389108,3.0169973373413086
-0.0017214235290481383,0.0015653622207182436,3.0174286365509033
-0.0017214248997703407,0.001566204939585243,3.01745867729187
-0.0017214244885650487,0.001566883446155127,3.0173168182373047
-0.0017214243514871441,0.001567332768283628,3.0169596672058105
-0.0017214257222093465,0.0015675519464665056,3.016956090927124
-0.001721427504136841,0.001567887498806521,3.0182554721832275
-0.0017214291490148526,0.0015687510526227369,3.0199246406555176
-0.001721430108531763,0.0015700891498217687,3.0206737518310547
-0.0017214307938928641,0.0015718243447042255,3.020822048187256
-0.0017214317533813528,0.0015737149792736014,3.0200626850128174
-0.0017214329870256506,0.0015755498255250087,3.0191311836242676
-0.0017214342206699484,0.0015772961232422456,3.0185067653656006
-0.001721435180172648,0.0015788734111411656,3.0178425312042236
-0.0017214364138311566,0.0015802367295945122,3.0174026489257812
-0.0017214380586949574,0.0015814177422422133,3.0172722339630127
-0.0017214394294171598,0.0015824800505081934,3.0173888206481934
-0.0017214412113446542,0.0015834777978460087,3.017612934112549
-0.0017214425820668566,0.0015843742489504613,3.0175344944000244
-0.0017214425820668566,0.001585106624829833,3.0173633098602295
-0.001721442445003163,0.0015856476481492941,3.0171141624450684
-0.0017214429932863595,0.0015859408452307045,3.0169811248779297
-0.0017214383328365557,0.0015863182045411876,3.018040418624878
-0.001721438195758651,0.0015871073282427677,3.019599437713623
-0.0017214402518419547,0.0015884255499968231,3.020646333694458
-0.0017214446381359494,0.0015901729442903345,3.0208866596221924
-0.0017214495727415624,0.0015920905820504712,3.0201470851898193
-0.0017214543702692708,0.001593955995365532,3.0191643238067627
-0.0017214564263383636,0.0015957070906039699,3.0184483528137207
-0.0017214576599968723,0.0015972682040028404,3.0177528858184814
-0.0017214590307048638,0.0015986126065154508,3.0173537731170654
-0.0017214605385049708,0.0015997892328580537,3.0172951221466064
-0.0017214617721634795,0.001600866619047809,3.0174593925476074
-0.0017214619092129624,0.0016018920549365568,3.0176870822906494
-0.0017214617721634795,0.0016028211291851777,3.017592430114746
-0.0017214614980218812,0.0016035910628019532,3.017409086227417
-0.0017214614980218812,0.0016041832139902154,3.01720929145813
-0.0017214614980218812,0.001604517943898025,3.0168888568878174
-0.0017214662955353788,0.0016048600756956876,3.0178847312927246
-0.0017214661584574742,0.0016056759284439604,3.019686222076416
-0.0017214653360184684,0.0016070264991981153,3.0206801891326904
-0.0017214661584574742,0.0016087978810976325,3.0208873748779297
-0.0017214671179601737,0.0016107430703366675,3.020171642303467
-0.0017214683516186824,0.0016126565959357748,3.0192477703094482
-0.0017214694481850756,0.0016144726633184803,3.018537759780884
-0.001721470818907278,0.0016161062878235059,3.017824649810791
-0.0017214724637710788,0.0016175189522092078,3.0173723697662354
-0.0017214741086490903,0.0016187508185816417,3.0172741413116455
-0.0017214756164207756,0.0016198885164664977,3.0174663066864014
-0.0017214752052154836,0.0016209691923850765,3.0176610946655273
-0.001721474656918076,0.001621940073604165,3.0175464153289795
-0.0017214741086490903,0.0016227498951829275,3.0173797607421875
-0.0017214738344932812,0.0016233908440154079,3.0172481536865234
-0.0017214738344932812,0.001623808502503981,3.0170106887817383
-0.0017214738344932812,0.001624230547297652,3.017962694168091
-0.0017214736974153766,0.0016251409797496056,3.01971173286438
-0.0017214752052154836,0.0016265481612539347,3.0206029415130615
-0.0017214768500792843,0.0016283631320603655,3.0208122730255127
-0.0017214763017818768,0.0016303398478672943,3.0200657844543457
-0.0017214756164207756,0.0016322081396950758,3.018902540206909
-0.0017214750681517899,0.0016338617767171122,3.017984628677368
-0.001721474656918076,0.00163529239753931,3.017454147338867
-0.0017214749310738853,0.0016365379711151759,3.0173046588897705
-0.0017214795915379,0.0016376848528263312,3.0174648761749268
-0.0017214850744124988,0.001638701241960814,3.017374277114868
-0.0017214902831312884,0.0016395513627176666,3.017270803451538
-0.0017214931616678086,0.0016402349409528204,3.017202377319336
-0.0017214950806589968,0.0016406933098355866,3.0169055461883545
-0.0017214950806589968,0.0016409305815269944,3.0169973373413086
-0.0017214919280093,0.0016412522895915434,3.01798939704895
-0.0017214919280093,0.0016420146842464312,3.019709825515747
-0.001721493847014699,0.0016433228997419812,3.0207269191741943
-0.0017214983703865983,0.0016450568609761291,3.0209264755249023
-0.0017215056352029023,0.001646961202748937,3.0201683044433594
-0.0017215033049922113,0.0016488097562037765,3.0191619396209717
-0.001721498507450292,0.001650476277997039,3.0181798934936523
-0.0017214943952978956,0.0016519158085014675,3.0175602436065674
-0.0017214908314286959,0.001653163849373951,3.017329454421997
-0.0017214893236427997,0.0016542819459578993,3.017392873764038
-0.0017215248252853144,0.0016553290392280697,3.017590045928955
-0.001721566769333549,0.0016562609919894113,3.0174834728240967
-0.0017215984329652656,0.0016570257168688825,3.017324209213257
-0.00172162091278949,0.0016576032013494728,3.0171196460723877
-0.0017216157040422786,0.0016579388907615223,3.016993999481201
-0.0017216011744238813,0.0016583531224492374,3.018045663833618
-0.0017215828067662642,0.0016591815858246674,3.0196211338043213
-0.0017215445636651339,0.0016605311970745822,3.0206124782562256
-0.00172157101856385,0.001662299015101207,3.020840644836426
-0.001721644352102203,0.001664235157585977,3.02012300491333
-0.001721881897935873,0.0016661097547273373,3.019089937210083
-0.00172240386824285,0.0016677572235078294,3.018047332763672
-0.0017228849910821964,0.0016691755078469383,3.017483949661255
-0.0017232253409389386,0.0016704108010202302,3.0172839164733887
-0.001723442051826396,0.0016715097075193734,3.017314910888672
-0.001723586662834009,0.0016725234922852041,3.017500162124634
-0.0017237177036975027,0.0016734943735042928,3.0177392959594727
-0.0017239375672346569,0.001674428793562252,3.017890214920044
-0.0017243272630338424,0.001675228883026578,3.017618417739868
-0.0017247579433643523,0.001675822542007218,3.0173115730285645
-0.001725058131128776,0.0016761966115888772,3.016990900039673
-0.001725181084722749,0.001676400437703911,3.0171163082122803
-0.001725254692416911,0.0016767185818955678,3.018150806427002
-0.0017253740821701058,0.0016774617864656507,3.019742965698242
-0.0017256527495987939,0.0016787349115204148,3.020752429962158
-0.0017262316048061166,0.0016803733335466417,3.0208446979522705
-0.001727134635345351,0.001682089886632431,3.020068883895874
-0.0017281026380828735,0.0016837542152731443,3.019190549850464
-0.001729188659794545,0.0016852467926548548,3.0183305740356445
-0.0017304713798864668,0.0016863788705863037,3.0174200534820557
-0.001731708317919356,0.0016872492780042356,3.017096519470215
-0.00173268385960057,0.001688085965701725,3.017383575439453
-0.0017334551639294205,0.00168894060983571,3.017592191696167
-0.0017342623811344993,0.0016896861446303766,3.0176198482513428
-0.0017351304583428373,0.001690226893805769,3.0174293518066406
-0.0017358614635156755,0.0016906871816970155,3.0174245834350586
-0.0017363953590745496,0.0016910336997997765,3.0171704292297363
-0.0017366722445757432,0.0016912693266267725,3.01703143119812
-0.0017368988246602157,0.0016916213276109062,3.0182836055755615
-0.0017374124335560737,0.001692418401490477,3.0198886394500732
-0.001738176061863328,0.0016936033892271734,3.020624876022339
-0.0017392778468803272,0.0016950331876171652,3.0207176208496094
-0.001740722860276378,0.0016963764935535011,3.0197861194610596
-0.001742374715362871,0.0016973163964928333,3.018355131149292
-0.0017440238289907484,0.001697854678371608,3.017439126968384
-0.0017454989982184088,0.001698214081245595,3.0171313285827637
-0.0017467364845487054,0.0016985748548399252,3.0172576904296875
-0.0017477154530212147,0.0016990591303371778,3.0175514221191406
-0.0017485694118022366,0.0016995931629828886,3.017704725265503
-0.001749443931373662,0.0016999025345643488,3.017441749572754
-0.001750202762153208,0.0017000086283189123,3.0171313285827637
-0.0017507011560695673,0.0017000737375352144,3.016979217529297
-0.0017509428140698446,0.0017001483047218845,3.0171427726745605
-0.0017512667152885797,0.0017003595327267716,3.018327236175537
-0.0017520032033360167,0.001700840792639269,3.019922971725464
-0.0017531167765270084,0.001701624707603545,3.020695209503174
-0.001754637590735797,0.0017025185543393458,3.020731210708618
-0.001756463938548336,0.001703215976849966,3.019918203353882
-0.0017583018003648476,0.0017038044270933016,3.019047260284424
-0.0017600873006955453,0.0017041741103698627,3.018122434616089
-0.0017617660218860465,0.0017041482037553762,3.017300844192505
-0.0017632507861691238,0.0017039657608776963,3.017071485519409
-0.0017645443349607604,0.0017037438412541323,3.0171046257019043
-0.0017657164379016876,0.0017034990306008368,3.0173323154449463
-0.0017667457118193397,0.001703233110854256,3.0173230171203613
-0.00176758760827056,0.0017029922752899557,3.0172622203826904
-0.001768193192518197,0.0017028299820013209,3.0170986652374268
-0.0017685435486214374,0.00170278680431051,3.017094850540161
-0.0017689185776958993,0.001702825321552154,3.0180423259735107
-0.0017697632155773135,0.0017029074277007117,3.01973557472229
-0.0017711374998015117,0.0017030538206333655,3.020676612854004
-0.0017729464394449224,0.0017030932973792496,3.0207326412200928
-0.001774941248740447,0.0017030287364510849,3.020059823989868
-0.0017768923321028751,0.0017027851594460983,3.0189461708068848
-0.0017786435643927234,0.0017022742919741876,3.017930030822754
-0.0017801638303325262,0.001701873493345836,3.017529249191284
-0.0017814909617612784,0.0017016896797478129,3.0174272060394287
-0.001782684722101635,0.0017016785769130328,3.01751446723938
-0.0017838070679232487,0.0017016175798577604,3.0176262855529785
-0.0017848145473777777,0.001701513268039643,3.0175087451934814
-0.0017856605559671834,0.001701417728831722,3.0173702239990234
-0.0017863416669143817,0.0017013778408697347,3.017279624938965
-0.0017867855061695082,0.0017013775667256662,3.016939401626587
-0.001787007836995258,0.0017013827754629703,3.017002820968628
-0.0017873280372810996,0.0017013781150138035,3.01812744140625
-0.001788151154840989,0.0017014273238741243,3.0198919773101807
-0.0017894858252418544,0.0017015369815015803,3.020745277404785
-0.0017912325341598034,0.0017016281344044031,3.0208935737609863
-0.001793137150073676,0.0017016539039468553,3.02008056640625
-0.0017949330678845854,0.0017016470503451392,3.0189077854156494
-0.0017965154274293127,0.001701685430514749,3.018009901046753
-0.0017978835434178109,0.0017017643840065173,3.0175085067749023
-0.001799077166680263,0.0017018552627652713,3.0173592567443848
-0.0018001568831067516,0.0017019428517952018,3.0174551010131836
-0.0018011782068185767,0.0017020017927699596,3.0176591873168945
-0.0018020972748189479,0.001702046204109079,3.0175552368164062
-0.0018028518563681928,0.0017020830764863113,3.017371654510498
-0.001803419471656298,0.0017021119986855527,3.0171453952789307
-0.0018037403572890298,0.0017021303663381517,3.016955614089966
-0.00180409880064758,0.0017021510642153338,3.0180022716522217
-0.0018049383668881092,0.001702158329033153,3.0197362899780273
-0.0018062957912263755,0.0017021521607916085,3.0206551551818848
-0.0018080610048798462,0.0017022348152283034,3.0208523273468018
-0.0018099908420623478,0.0017023890212669135,3.020132303237915
-0.001811881476612598,0.001702476199080741,3.019174814224243
-0.0018135974814299516,0.001702526367445302,3.018202543258667
-0.0018150843017679108,0.0017025646105428773,3.0175602436065674
-0.0018163685296741505,0.001702605183865036,3.017289638519287
-0.001817504445597251,0.0017026502805643274,3.017314910888672
-0.0018185527725336215,0.0017026979816322707,3.01751446723938
-0.0018195671055849516,0.0017027142932043548,3.017760753631592
-0.0018204926159626211,0.0017027188165814873,3.0176517963409424
-0.001821259122777974,0.0017027266296874436,3.017443895339966
-0.0018218412676986873,0.0017027374583781548,3.017197608947754
-0.0018221786019694264,0.0017027429412595277,3.0170185565948486
-0.0018225863912704199,0.0017027380066662922,3.0180764198303223
-0.0018234166365829196,0.0017027273150476152,3.019613027572632
-0.0018247630952004101,0.001702752947518033,3.020617723464966
-0.0018265314614893668,0.0017028212093911244,3.0208559036254883
-0.0018284685634881725,0.0017029035896837508,3.0201237201690674
-0.0018303489176503263,0.0017029522502559342,3.0191264152526855
-0.0018320434021461551,0.0017029825431755191,3.0181493759155273
-0.0018335077426741009,0.0017030136585273097,3.0175328254699707
-0.0018347785375141257,0.0017030487489680956,3.0173099040985107
-0.0018359107525185436,0.001703081509184298,3.017336130142212
-0.0018369527741270986,0.0017030946680995928,3.0174992084503174
-0.0018378625212136512,0.0017031027553496177,3.0173819065093994
-0.0018385955824413713,0.0017031082382309905,3.017240524291992
-0.0018391233097787563,0.0017031167366971182,3.0169970989227295
-0.0018393996470109641,0.0017031207117861136,3.0169146060943604
-0.0018397487694699066,0.0017031318146208934,3.018075704574585
-0.0018405402233980794,0.001703130306828516,3.019632577896118
-0.0018418584451609377,0.0017031503193455266,3.0206613540649414
-0.0018436037833708951,0.0017031961014049896,3.020892381668091
-0.0018455199133313727,0.0017032546311636443,3.020156145095825
-0.0018473886163690167,0.0017033139833545047,3.0191850662231445
-0.0018491477988504812,0.001703338930464751,3.018470287322998
-0.00185071946680182,0.0017033487996512221,3.0177698135375977
-0.0018520741497383142,0.0017033609990622766,3.017366886138916
-0.0018532536545734501,0.001703372787257228,3.0172550678253174
-0.0018542993771291094,0.0017033917031979641,3.0173377990722656
-0.0018552814982513155,0.0017033997904479892,3.0175957679748535
-0.0018561678060251552,0.0017034047250412247,3.0175347328186035
-0.001856889079064672,0.0017034097967064945,3.017357349395752
-0.0018574080337998566,0.001703415553731936,3.0170700550079346
-0.0018576705267321358,0.0017034167873802447,3.0169155597686768
-0.0018580282847437957,0.0017034224073336518,3.0181236267089844
-0.0018588468789317858,0.0017034376223294613,3.0197665691375732
-0.001860185113201851,0.0017034568124142662,3.0206799507141113
-0.0018619364825980256,0.0017034827190287526,3.020866870880127
-0.0018638569988524978,0.0017035146568127493,3.020145893096924
-0.0018657411910396604,0.0017035463204526772,3.019218683242798
-0.001867527925000445,0.0017035601647281435,3.0185210704803467
-0.0018691313936614051,0.0017035672924739281,3.0178117752075195
-0.0018705206187235035,0.0017035778470205708,3.017401933670044
-0.0018717530333987042,0.0017035923766562087,3.017359495162964
-0.0018729003263047161,0.001703597722465547,3.0175259113311768
-0.0018739191827421564,0.001703599778546062,3.017414093017578
-0.0018747702630150798,0.0017036038907070916,3.0172877311706543
-0.0018754519222312638,0.0017036089623723614,3.0172009468078613
-0.001875913169627097,0.0017036134857494939,3.0169177055358887
-0.0018761220674150536,0.0017036155418300087,3.016824245452881
-0.0018762019804086094,0.0017036151306139059,3.0171267986297607
-0.0018763528967156162,0.0017036171866944207,3.0180931091308594
-0.0018770244126073976,0.0017036262334486857,3.019972562789917
-0.0018782572384878904,0.0017036266446647888,3.0209157466888428
-0.0018799462400806988,0.0017036207505673128,3.021212100982666
-0.0018820327506006151,0.0017036333611944704,3.0211379528045654
-0.0018842885450567337,0.001703660227313197,3.020301342010498
-0.0018864840278212114,0.0017036868192878553,3.0191826820373535
-0.00188847760350086,0.0017037101215336896,3.0181567668914795
-0.0018902256831552222,0.0017037304081947689,3.017474889755249
-0.0018917534880387166,0.001703747542199059,3.017198085784912
-0.001893139560465329,0.0017037537104406034,3.017279624938965
-0.0018943603239875983,0.0017037559035931525,3.017163038253784
-0.0018953991929464564,0.0017037575484575643,3.017115354537964
-0.001896277139323388,0.0017037624830507998,3.0171446800231934
-0.001897015135170932,0.0017037678288601382,3.017232656478882
-0.001897643062136467,0.0017037727634533738,3.017381191253662
-0.001898211088644075,0.0017037774239025407,3.017665386199951
-0.0018989267417452993,0.0017037782463347466,3.0186517238616943
-0.001900114333849956,0.0017037797541271241,3.02002215385437
-0.0019017417901210365,0.0017037834550720507,3.020542860031128
-0.001903523589490419,0.0017037875672330804,3.019871473312378
-0.0019051940863761274,0.0017037957915551395,3.018805503845215
-0.0019066766574837857,0.0017038075797500911,3.0180320739746094
-0.001908001732843445,0.0017038195050170768,3.017716646194458
-0.0019092334621433338,0.001703825124970484,3.017704486846924
-0.0019103305867105291,0.0017038284146993078,3.017500877380371
-0.0019112603463184996,0.0017038307449238912,3.0173418521881104
-0.0019120242487673522,0.0017038329380764403,3.017244577407837
-0.0019126052971216723,0.0017038366390213669,3.0170891284942627
-0.0019129390675090008,0.0017038371873095042,3.0169155597686768
-0.0019133402773690023,0.0017038321156442344,3.0180656909942627
-0.0019142493390802429,0.0017038307449238912,3.0198073387145996
-0.0019156451436259658,0.0017038375985256073,3.0206375122070312
-0.0019174729991959794,0.0017038492496485244,3.0209949016571045
-0.0019196943885901874,0.0017038611749155101,3.0210015773773193
-0.0019220608001688788,0.0017038722777502902,3.0201003551483154
-0.001924288631954596,0.0017038817357206582,3.01883864402771
-0.0019262816593226262,0.0017038917419791636,3.017904281616211
-0.0019280786737141398,0.001703896265356296,3.017517328262329
-0.0019296562357453695,0.0017038991438690168,3.017131805419922
-0.0019310007753290392,0.0017039025706698748,3.016948699951172
-0.0019321542364991728,0.0017039072311190418,3.0169708728790283
-0.0019331580150065975,0.001703911206208037,3.01710844039917
-0.0019340435003414314,0.0017039143588648263,3.017273187637329
-0.001934834268908503,0.0017039177856656843,3.017458200454712
-0.0019355813114998455,0.0017039212124665424,3.0177252292633057
-0.0019363413759379,0.0017039224461148513,3.0180587768554688
-0.001937092119462136,0.001703923131475023,3.018066883087158
-0.0019378146261459506,0.001703924090979263,3.0181732177734375
-0.001938551388320775,0.001703924913411469,3.018214702606201
-0.0019393195400141394,0.001703926147059778,3.018542766571045
-0.0019404333873609403,0.0017039287514284298,3.0196733474731445
-0.001941964481986247,0.0017039332748055626,3.020280599594116
-0.0019436626674291801,0.0017039391689030383,3.0197930335998535
-0.001945325351201177,0.0017039456112886513,3.0190422534942627
-0.00194692895691162,0.0017039506829539211,3.0185673236846924
-0.00194847211389515,0.0017039531502505388,3.018260955810547
-0.001949871482281651,0.001703954932186985,3.0177829265594482
-0.0019510921087402266,0.0017039573994836027,3.0174920558929443
-0.0019521811460521121,0.0017039598667802206,3.017474889755249
-0.0019531904074483464,0.0017039628823649756,3.0176260471343994
-0.0019541699241898414,0.001703966035021765,3.0178542137145996
-0.0019551443692904513,0.0017039669945260053,3.018043041229248
-0.001956049867146703,0.0017039679540302455,3.0178704261779785
-0.0019568030779879564,0.0017039689135344856,3.0175845623016357
-0.0019573706932760615,0.0017039701471827946,3.017266273498535
-0.0019576762268513903,0.001703969873038726,3.0169310569763184
-0.0019578128876531764,0.001703966857453971,3.017165422439575
-0.0019580926516766795,0.0017039642530853188,3.0182435512542725
-0.0019587988468003914,0.0017039654867336278,3.0198309421539307
-0.001960069641640416,0.0017039663091658337,3.0208396911621094
-0.001961772624582636,0.0017039713808311035,3.021005868911743
-0.0019636548977643997,0.001703978097360785,3.0202550888061523
-0.0019655114013801267,0.00170398618461081,3.0193288326263428
-0.00196728250914191,0.0017039907079879426,3.01859188079834
-0.001968884881222266,0.0017039924899243887,3.017930746078491
-0.0019703057699302917,0.0017039933123565946,3.017568349838257
-0.0019716042533133304,0.0017039946830769378,3.017566204071045
-0.001972851060529024,0.0017039957796532125,3.0177574157714844
-0.001974064285107602,0.001703996876229487,3.017878293991089
-0.0019751651106219015,0.0017039979728057616,3.0176634788513184
-0.001976106384276477,0.0017039989323100017,3.017455577850342
-0.0019768898880272445,0.001704000303030345,3.017348289489746
-0.001977531796356402,0.0017040020849667912,3.0173416137695312
-0.0019780578788299863,0.0017040020849667912,3.017458438873291
-0.001978677033207532,0.0017040023591108598,3.0183939933776855
-0.0019797663446752267,0.001704003729831203,3.019876003265381
-0.0019812923676170158,0.001704004963479512,3.0204479694366455
-0.0019829697180853145,0.0017040059229837521,3.019810676574707
-0.0019845389187480578,0.001704007156632061,3.0187830924987793
-0.00198592211263815,0.0017040086644244386,3.0180141925811768
-0.0019871297172500135,0.0017040103092888503,3.0176329612731934
-0.0019882114897598058,0.0017040118170812278,3.017571449279785
-0.0019892225330835345,0.001704014010233777,3.017698287963867
-0.0019901229592846903,0.0017040142843778457,3.017557382583618
-0.0019908562946540087,0.0017040138731617427,3.017367124557495
-0.001991396495554909,0.0017040137360897084,3.0171120166778564
-0.0019916733810561027,0.0017040133248736053,3.0168676376342773
-0.0019918140169608023,0.0017040133248736053,3.017125368118286
-0.0019920458057782753,0.0017040194931151498,3.0181901454925537
-0.001992718007031158,0.001704020863835493,3.019779920578003
-0.001993953026044437,0.0017040200414032871,3.0208208560943604
-0.001995622974646949,0.0017040182594668409,3.02099871635437
-0.0019974587803943677,0.001704017025818532,3.0201921463012695
-0.0019992412651390623,0.001704017848250738,3.0192110538482666
-0.0020009353384153883,0.0017040190818990468,3.0185539722442627
-0.002002463006220978,0.0017040203155473557,3.0178778171539307
-0.0020037823245644404,0.0017040218233397332,3.017446517944336
-0.002004928109698767,0.0017040233311321107,3.0173161029815674
-0.0020059484739078925,0.001704024701852454,3.017385244369507
-0.0020068905700156847,0.0017040264837889002,3.0175774097442627
-0.0020078068965574403,0.0017040263467168657,3.01784086227417
-0.002008654001741661,0.0017040262096448314,3.017746925354004
-0.0020093431999157474,0.0017040259355007629,3.0174973011016846
-0.0020098063663169796,0.0017040257984287286,3.01707124710083
-0.0020100212952769425,0.0017040262096448314,3.016913414001465
-0.0020101044979980998,0.0017040259355007629,3.0171806812286377
-0.0020102777570514263,0.0017040264837889002,3.018261432647705
-0.0020109017089566805,0.0017040274432931404,3.019782066345215
-0.0020120958805023292,0.001704026895005003,3.0208797454833984
-0.0020137691188324425,0.0017040259355007629,3.0212457180023193
-0.0020158478162386473,0.0017040274432931404,3.0211782455444336
-0.0020181055297143757,0.0017040290881575521,3.020366668701172
-0.0020203365141497898,0.0017040310071660327,3.019343614578247
-0.002022385466915466,0.0017040326520304445,3.0182738304138184
-0.0020241864563672607,0.001704034159822822,3.0175492763519287
-0.002025784853358914,0.0017040359417592682,3.017310380935669
-0.002027263723533679,0.0017040370383355427,3.0173985958099365
-0.0020285856462436413,0.0017040366271194398,3.017249584197998
-0.0020297208768198516,0.0017040366271194398,3.0171544551849365
-0.002030693951198259,0.0017040364900474056,3.0171635150909424
-0.002031519124841452,0.001704036352975371,3.0172038078308105
-0.002032206678151738,0.001704036352975371,3.017277717590332
-0.002032793072316963,0.001704036352975371,3.017430067062378
-0.002033312027037937,0.001704036352975371,3.017674207687378
-0.002033989299974337,0.0017040362159033368,3.0187318325042725
-0.0020351529044546623,0.001704036352975371,3.020068407058716
-0.0020367440366300116,0.0017040381349118173,3.0205399990081787
-0.0020384841661069686,0.0017040397797762291,3.0198559761047363
-0.0020401125818807486,0.0017040415617126754,3.018795967102051
-0.002041556224554597,0.0017040433436491214,3.018040895462036
-0.002042852651854332,0.0017040451255855677,3.0177547931671143
-0.0020440647798238842,0.0017040449885135332,3.017751693725586
-0.0020451479230700897,0.0017040445772974304,3.0175437927246094
-0.002046065894461435,0.0017040444402253961,3.0173730850219727
-0.0020468203389469863,0.0017040441660813273,3.0172722339630127
-0.0020473905586015917,0.0017040441660813273,3.017092227935791
-0.002047704727701216,0.0017040447143694647,3.0168583393096924
-0.0020480864733087856,0.001704050060178803,3.018097162246704
-0.002048933304337197,0.0017040508826110092,3.0196897983551025
-0.002050296485748504,0.0017040501972508375,3.0206658840179443
-0.002052083493850887,0.0017040485523864256,3.020885944366455
-0.0020540352625459946,0.0017040469075220138,3.020115613937378
-0.002055879703817709,0.0017040458109457393,3.0189342498779297
-0.0020575109981137985,0.001704045262657602,3.0180091857910156
-0.002058926952230422,0.0017040458109457393,3.0175013542175293
-0.0020601758155152083,0.0017040477299542197,3.0173823833465576
-0.002061334622496247,0.0017040493748186314,3.017552137374878
-0.0020624520337264585,0.001704049511890666,3.0177536010742188
-0.002063467737499991,0.0017040493748186314,3.0176210403442383
-0.002064326767936109,0.0017040493748186314,3.0174365043640137
-0.0020650222714522215,0.0017040493748186314,3.0173070430755615
-0.0020655150454018667,0.0017040493748186314,3.0170373916625977
-0.002065772055473758,0.001704047867026254,3.0169804096221924
-0.0020661215891522033,0.001704044029009293,3.0181212425231934
-0.002066992544854429,0.0017040438919372588,3.019909381866455
-0.00206836463593163,0.0017040463592338764,3.02072811126709
-0.0020701432826371047,0.001704050060178803,3.0208799839019775
-0.0020720818924218065,0.001704053486979661,3.0201001167297363
-0.002073912489422014,0.001704055954276279,3.0189242362976074
-0.0020755307618713914,0.001704058147428828,3.0180065631866455
-0.0020769358872883004,0.001704058147428828,3.0175068378448486
-0.002078177211643606,0.0017040578732847593,3.0173959732055664
-0.0020793313581748407,0.0017040578732847593,3.0175678730010986
-0.002080445890882743,0.001704057736212725,3.017768144607544
-0.002081459812728781,0.0017040575991406908,3.0176327228546143
-0.0020823177465842946,0.0017040575991406908,3.0174434185028076
-0.0020830117423003003,0.0017040575991406908,3.017310619354248
-0.0020835032826198585,0.0017040575991406908,3.0170395374298096
-0.0020837674204159384,0.001704055131844073,3.017045021057129
-0.0020841231223442946,0.0017040506084669404,3.0181078910827637
-0.0020849555608037917,0.0017040507455389747,3.019833564758301
-0.0020863147670979743,0.0017040508826110092,3.0207388401031494
-0.0020880898499342493,0.0017040540352677984,3.020909547805786
-0.002090028185577353,0.0017040597922932399,3.0201244354248047
-0.0020918590567475803,0.001704065412246647,3.0189406871795654
-0.0020934778774659435,0.0017040681536873335,3.0180163383483887
-0.0020948832770244508,0.0017040682907593677,3.017512083053589
-0.0020961244643018517,0.0017040678795432647,3.0173966884613037
-0.0020972771030329795,0.0017040677424712304,3.017563819885254
-0.0020983951996100814,0.0017040676053991961,3.0178029537200928
-0.0020994971216907743,0.001704067194183093,3.0179641246795654
-0.002100508850389815,0.0017040670571110588,3.0177736282348633
-0.0021013673325285254,0.0017040670571110588,3.017534017562866
-0.002102066674069647,0.0017040670571110588,3.017381191253662
-0.0021025816536877073,0.0017040670571110588,3.017155647277832
-0.0021028663523026125,0.0017040665088229215,3.0170090198516846
-0.0021030678481821496,0.0017040682907593677,3.0174684524536133
-0.0021034792013665538,0.001704068839047505,3.0187084674835205
-0.0021043644125597893,0.001704068839047505,3.0200657844543457
-0.0021057563790805034,0.001704068427831402,3.0208537578582764
-0.0021075658670071107,0.0017040678795432647,3.0209736824035645
-0.0021095225702794096,0.0017040676053991961,3.0200963020324707
-0.0021113564570356402,0.0017040670571110588,3.0188958644866943
-0.0021129818572092063,0.0017040669200390245,3.018009662628174
-0.002114415493622346,0.0017040670571110588,3.017594814300537
-0.002115730014423889,0.001704067194183093,3.017566204071045
-0.0021168922481962227,0.001704067194183093,3.0173678398132324
-0.0021178801263488367,0.0017040673312551276,3.017252206802368
-0.0021187042034114256,0.0017040673312551276,3.017205238342285
-0.0021193639311292145,0.0017040676053991961,3.0171685218811035
-0.0021197991348316236,0.0017040676053991961,3.016894817352295
-0.0021200479205845113,0.0017040676053991961,3.0171525478363037
-0.00212044035779968,0.0017040614371576516,3.0182673931121826
-0.00212127581184518,0.0017040614371576516,3.019792079925537
-0.0021226285757620644,0.0017040637673822352,3.020720958709717
-0.0021244032473930474,0.0017040673312551276,3.020914316177368
-0.002126346928832845,0.0017040708951280197,3.0201454162597656
-0.002128187669185877,0.001704073910712775,3.0189640522003174
-0.002129817729809247,0.0017040758297212552,3.0180342197418213
-0.0021312306683540783,0.0017040759667932897,3.017498016357422
-0.0021324626717813544,0.0017040759667932897,3.017345428466797
-0.002133598176513374,0.0017040758297212552,3.017493724822998
-0.002134606341329004,0.001704075692649221,3.0174009799957275
-0.0021354497455519095,0.0017040754185051524,3.0172882080078125
-0.0021361263331272085,0.0017040754185051524,3.0172128677368164
-0.0021365770259507144,0.0017040754185051524,3.0169098377227783
-0.0021367860608307865,0.0017040752814331181,3.0168347358703613
-0.002136865699668533,0.0017040754185051524,3.0171477794647217
-0.0021370274446752546,0.001704080353098388,3.018195152282715
-0.002137724318885148,0.0017040804901704222,3.0200517177581787
-0.0021389733192620497,0.001704082135034834,3.0209152698516846
-0.0021406398410590555,0.0017040810384585596,3.021009683609009
-0.0021424790736119803,0.0017040789823780447,3.020247220993042
-0.0021442973341549987,0.001704075692649221,3.01932692527771
-0.0021460169028273413,0.0017040747331449808,3.0185487270355225
-0.0021475585519823426,0.0017040745960729465,3.0178825855255127
-0.00214890172084381,0.001704074459000912,3.0174648761749268
-0.0021500756057548642,0.0017040745960729465,3.01735782623291
-0.002151160667978047,0.001704074870217015,3.017519474029541
-0.002152119898056526,0.001704074870217015,3.017418384552002
-0.0021529114890626033,0.0017040751443610836,3.017289638519287
-0.002153524886409741,0.0017040751443610836,3.0171432495117188
-0.0021538866195101036,0.0017040751443610836,3.0168673992156982
-0.0021542273806005596,0.0017040784340899074,3.017810344696045
-0.0021550411772608413,0.00170407788580177,3.019641399383545
-0.0021563966826079195,0.0017040776116577015,3.0206711292266846
-0.0021581764258939984,0.0017040766521534611,3.0208892822265625
-0.0021601275092280048,0.001704076103865324,3.020158052444458
-0.0021620330846729985,0.001704075692649221,3.019183874130249
-0.0021637599181332234,0.001704075692649221,3.018200397491455
-0.0021652557852576138,0.001704075692649221,3.0175533294677734
-0.0021665415209355388,0.0017040758297212552,3.01724910736084
-0.002167650570768842,0.0017040758297212552,3.0171916484832764
-0.0021686283055828426,0.0017040754185051524,3.017289638519287
-0.0021695148875124914,0.001704075692649221,3.017486572265625
-0.0021703733696512018,0.001704075692649221,3.017791271209717
-0.0021711686615901726,0.001704075692649221,3.017728090286255
-0.0021718004265949276,0.0017040758297212552,3.0174551010131836
-0.00217219327504381,0.0017040758297212552,3.0170724391937256
-0.002172552129636074,0.001704073910712775,3.017852783203125
-0.002173364281432555,0.0017040734994966718,3.019631862640381
-0.002174720883360237,0.0017040747331449808,3.020674705505371
-0.0021765321532285498,0.0017040772004415985,3.0210728645324707
-0.00217874394755313,0.0017040798048102506,3.0210702419281006
-0.0021811191317766543,0.0017040824091789028,3.0202102661132812
-0.0021833720477246743,0.0017040844652594174,3.0189340114593506
-0.0021853827574034312,0.0017040847394034862,3.0179173946380615
-0.002187154824653703,0.0017040846023314519,3.017395257949829
-0.0021887581562367586,0.0017040844652594174,3.0173091888427734
-0.0021902257865207275,0.0017040844652594174,3.0173025131225586
-0.0021915249552506566,0.0017040841911153488,3.0172107219696045
-0.002192655799532872,0.0017040840540433146,3.017179489135742
-0.002193643403543888,0.0017040839169712803,3.0172433853149414
-0.002194519567979114,0.0017040839169712803,3.0173864364624023
-0.0021953282929843,0.0017040839169712803,3.0176098346710205
-0.0021961285195288838,0.0017040840540433146,3.0179293155670166
-0.0021968859795720164,0.0017040841911153488,3.0178558826446533
-0.002197474429834756,0.0017040841911153488,3.0174856185913086
-0.0021978009354199912,0.0017040835057551772,3.0170366764068604
-0.0021979374591722944,0.0017040841911153488,3.0170810222625732
-0.0021981673289559467,0.0017040947456619915,3.018160104751587
-0.002198886820067969,0.0017040963905264033,3.0199034214019775
-0.0022001524061607824,0.0017040952939501286,3.0208380222320557
-0.002201841407753591,0.0017040909076450304,3.0209813117980957
-0.002203682833467724,0.0017040858359797606,3.0201191902160645
-0.002205429816555693,0.0017040819979627997,3.0190417766571045
-0.002207061247915476,0.0017040813126026281,3.0183916091918945
-0.002208519831413014,0.0017040813126026281,3.0177693367004395
-0.002209772943942312,0.0017040813126026281,3.0173912048339844
-0.002210852112085604,0.0017040810384585596,3.017277717590332
-0.002211791329656876,0.0017040810384585596,3.017308473587036
-0.0022126204783887715,0.0017040810384585596,3.017416000366211
-0.002213394387098333,0.0017040822721068683,3.017686367034912
-0.0022140855042920293,0.0017040824091789028,3.017594575881958
-0.0022145378420077577,0.0017040824091789028,3.017094135284424
-0.0022147635996390136,0.0017040836428272115,3.0170867443084717
-0.002215075712683756,0.0017040815867466967,3.018094778060913
-0.0022158419453433,0.0017040822721068683,3.019763708114624
-0.002217138783834116,0.001704082135034834,3.020720958709717
-0.0022188556110762647,0.0017040836428272115,3.020907163619995
-0.0022207217097474086,0.0017040854247636578,3.0200603008270264
-0.0022224797956624798,0.001704087343772138,3.018954038619995
-0.0022240918998619463,0.0017040891257085844,3.0182504653930664
-0.0022255585706432157,0.0017040892627806187,3.0178141593933105
-0.002226850337493147,0.0017040891257085844,3.017486572265625
-0.0022279685711339425,0.0017040891257085844,3.0173158645629883
-0.002228928623651427,0.0017040892627806187,3.017270803451538
-0.00222975571631423,0.0017040892627806187,3.017328977584839
-0.002230479593720247,0.0017040892627806187,3.0174498558044434
-0.0022311663246199487,0.0017040880291323097,3.0177760124206543
-0.0022317915101695007,0.0017040878920602754,3.0176734924316406
-0.0022321620158862743,0.0017040878920602754,3.0171401500701904
-0.002232487287813001,0.0017040804901704222,3.0178463459014893
-0.0022332561248532556,0.0017040807643144908,3.019608497619629
-0.0022345794182854206,0.001704082135034834,3.020702362060547
-0.002236336681761486,0.0017040872067001038,3.020933151245117
-0.002238250755652871,0.001704093237869614,3.020098924636841
-0.0022400601064873626,0.0017040972129586092,3.018976926803589
-0.002241720597112362,0.001704099680255227,3.0182759761810303
-0.002243278009572691,0.0017040998173272614,3.017988920211792
-0.0022446769667396893,0.0017040995431831926,3.017582416534424
-0.0022458827894240585,0.001704099269039124,3.0173211097717285
-0.002246919602299613,0.001704099269039124,3.0172371864318848
-0.002247806184215051,0.0017040995431831926,3.0172572135925293
-0.0022485850275160146,0.0017040995431831926,3.017411231994629
-0.0022493274096433424,0.0017040989948950555,3.0177485942840576
-0.0022500174302706455,0.0017040985836789524,3.0177135467529297
-0.0022504810078913806,0.0017040984466069181,3.017192840576172
-0.0022507266409661497,0.0017040985836789524,3.0171914100646973
-0.0022510242243640732,0.0017041055743527028,3.0180118083953857
-0.002251759341689308,0.0017041058484967714,3.0197436809539795
-0.0022530556319111383,0.0017041048889925312,3.0207645893096924
-0.0022547783532473886,0.0017041011880476046,3.0209505558013916
-0.002256656240106736,0.0017040972129586092,3.020108222961426
-0.0022584379024124246,0.00170409406030182,3.0190160274505615
-0.0022600872901819002,0.001704091044717065,3.018326997756958
-0.0022615494375912704,0.0017040878920602754,3.017690658569336
-0.0022627991233150624,0.001704087343772138,3.0173301696777344
-0.0022638686964029375,0.001704086795484001,3.017211437225342
-0.0022647787176310885,0.0017040866584119665,3.017204761505127
-0.002265553722921254,0.0017040866584119665,3.017285108566284
-0.0022662279802574403,0.001704086795484001,3.017441987991333
-0.0022668546735928885,0.0017040872067001038,3.017740488052368
-0.0022676422894960524,0.0017040878920602754,3.01873517036438
-0.002268890604511853,0.0017040877549882412,3.020017623901367
-0.0022705648023304548,0.0017040852876916235,3.0205087661743164
-0.002272389642342887,0.0017040822721068683,3.019840955734253
-0.0022740996159598126,0.0017040795306661818,3.018775224685669
-0.0022756106980494906,0.0017040770633695642,3.0179688930511475
-0.0022769416675174625,0.0017040772004415985,3.017618417739868
-0.002278177646047652,0.0017040770633695642,3.0176522731781006
-0.002279282994933851,0.0017040770633695642,3.0174825191497803
-0.0022802234461636317,0.00170407692629753,3.017338991165161
-0.002281002426528289,0.00170407692629753,3.0172598361968994
-0.0022816119858788397,0.0017040770633695642,3.017158031463623
-0.0022819959246334065,0.00170407692629753,3.016982078552246
-0.002282454293521141,0.0017040773375136327,3.018263101577759
-0.002283438470726651,0.0017040772004415985,3.0198559761047363
-0.002284879646097693,0.0017040752814331181,3.0205984115600586
-0.002286745196471429,0.0017040733624246376,3.0209507942199707
-0.0022890018133807644,0.0017040713063441227,3.0209715366363525
-0.0022914027671276926,0.001704069250263608,3.0200819969177246
-0.0022936678824976298,0.0017040677424712304,3.01884126663208
-0.002295711900657693,0.0017040678795432647,3.0179600715637207
-0.0022975819744317505,0.0017040681536873335,3.0176069736480713
-0.002299241231412452,0.0017040682907593677,3.017205238342285
-0.002300664450331169,0.0017040682907593677,3.0169763565063477
-0.002301886036306655,0.0017040681536873335,3.016951560974121
-0.002302955746458224,0.0017040682907593677,3.017116069793701
-0.0023039475996995407,0.0017040681536873335,3.017421007156372
-0.0023048328108927763,0.0017040678795432647,3.0174102783203125
-0.002305552164941105,0.0017040677424712304,3.0172863006591797
-0.002306064540206876,0.0017040676053991961,3.017010450363159
-0.002306337313541462,0.0017040673312551276,3.0169835090637207
-0.0023066849282287194,0.0017040681536873335,3.0180764198303223
-0.002307491185916888,0.0017040682907593677,3.019724130630493
-0.00230882023636525,0.0017040665088229215,3.020673990249634
-0.0023105953192299467,0.0017040645898144411,3.0210490226745605
-0.002312767088525902,0.0017040622595898575,3.021045446395874
-0.002315109101303392,0.0017040597922932399,3.020240068435669
-0.0023173883350864344,0.001704057736212725,3.019163131713867
-0.0023194597676479134,0.0017040558172042445,3.018096923828125
-0.002321273230677434,0.0017040540352677984,3.0174336433410645
-0.0023228980825678036,0.0017040533499076268,3.0172946453094482
-0.002324421227015705,0.001704053486979661,3.017437696456909
-0.00232579414050349,0.0017040537611237299,3.0172884464263916
-0.002326978442894756,0.0017040537611237299,3.0171656608581543
-0.0023280023709730813,0.0017040537611237299,3.0171868801116943
-0.0023288930650551265,0.0017040537611237299,3.01727032661438
-0.002329672456639287,0.0017040537611237299,3.017404079437256
-0.0023304120973364206,0.001704053486979661,3.017735481262207
-0.0023311106164243256,0.001704053486979661,3.017784595489502
-0.0023317639017506053,0.0017040533499076268,3.0179762840270996
-0.0023324171870484633,0.0017040533499076268,3.018001079559326
-0.002332888989002413,0.0017040532128355925,3.017566204071045
-0.002333365725533554,0.0017040541723398327,3.0182697772979736
-0.0023343046689632274,0.0017040544464839015,3.0197975635528564
-0.002335727202549265,0.0017040522533313524,3.0206239223480225
-0.0023375834320233935,0.001704050060178803,3.020991086959839
-0.0023398347031218236,0.0017040462221618422,3.0210063457489014
-0.0023422496382181635,0.001704041835856744,3.0201923847198486
-0.002344592747590468,0.0017040389573440232,3.0191099643707275
-0.0023467220245407816,0.00170403758662368,3.018052339553833
-0.002348593606100735,0.00170403758662368,3.017408609390259
-0.0023502793179943637,0.0017040381349118173,3.0172722339630127
-0.0023517616149604237,0.001704038409055886,3.017037868499756
-0.002353025693267341,0.001704038409055886,3.0169386863708496
-0.002354109933037307,0.001704038820271989,3.0169992446899414
-0.002355046409192596,0.001704038820271989,3.0171215534210205
-0.0023558641809415803,0.001704038820271989,3.017291307449341
-0.00235660272505811,0.0017040385461279202,3.017515182495117
-0.002357328110264234,0.0017040382719838516,3.017876148223877
-0.0023580340312605585,0.0017040382719838516,3.0179247856140137
-0.002358737759081464,0.0017040381349118173,3.018279552459717
-0.0023597753943676025,0.0017040364900474056,3.019519329071045
-0.0023612453548622625,0.001704034571038925,3.02022385597229
-0.0023628688360446404,0.0017040325149584102,3.019688606262207
-0.002364393351214744,0.0017040307330219641,3.0187554359436035
-0.002365767909552119,0.0017040288140134836,3.0181350708007812
-0.0023670369224504384,0.0017040271691490718,3.0179121494293213
-0.0023681606389800436,0.0017040271691490718,3.017587184906006
-0.002369112193065348,0.0017040274432931404,3.0173819065093994
-0.0023698992606568936,0.0017040274432931404,3.017275333404541
-0.002370511972671352,0.0017040274432931404,3.017146348953247
-0.0023708801481490127,0.0017040274432931404,3.016897201538086
-0.002371238454443869,0.0017040240164922823,3.017883539199829
-0.0023721329865509233,0.0017040225086999048,3.019782543182373
-0.0023735226228325246,0.001704024701852454,3.0206387042999268
-0.002375336085819413,0.0017040288140134836,3.0209574699401855
-0.002377516353618603,0.0017040327891024787,3.020848035812378
-0.0023797763973050223,0.0017040327891024787,3.019920825958252
-0.002382027942545051,0.0017040332003185818,3.019228219985962
-0.0023842693444464658,0.0017040340227507877,3.01882266998291
-0.0023865030703120738,0.0017040369012635084,3.01859712600708
-0.002388757356996507,0.001704041835856744,3.018695116043091
-0.0023914242304954314,0.0017040503343228718,3.0200085639953613
-0.002394589223769117,0.0017040596552212056,3.0207884311676025
-0.002398178866187095,0.001704066645894956,3.0210325717926025
-0.0024021298305143546,0.0017040780228738043,3.020982027053833
-0.0024063839981494084,0.0017040968017425064,3.02077579498291
-0.0024108903783570668,0.0017041216117807182,3.0207128524780273
-0.002415612235765252,0.0017041602660943964,3.0205557346343994
